{
 "ours_7000": {
  "SSIM": {
   "00000.png": 0.3594529628753662,
   "00001.png": 0.39029186964035034,
   "00002.png": 0.3885955810546875,
   "00003.png": 0.3507082164287567,
   "00004.png": 0.4415898621082306,
   "00005.png": 0.4190799593925476,
   "00006.png": 0.49608808755874634,
   "00007.png": 0.36951446533203125,
   "00008.png": 0.5472872257232666,
   "00009.png": 0.4009000062942505,
   "00010.png": 0.37483954429626465,
   "00011.png": 0.5752357840538025,
   "00012.png": 0.5681570172309875
  },
  "PSNR": {
   "00000.png": 13.098644256591797,
   "00001.png": 11.316475868225098,
   "00002.png": 10.843558311462402,
   "00003.png": 12.374378204345703,
   "00004.png": 11.883553504943848,
   "00005.png": 11.40746021270752,
   "00006.png": 12.38760757446289,
   "00007.png": 12.796184539794922,
   "00008.png": 13.203248023986816,
   "00009.png": 10.97294807434082,
   "00010.png": 11.713614463806152,
   "00011.png": 13.484149932861328,
   "00012.png": 12.586038589477539
  },
  "LPIPS": {
   "00000.png": 0.10622309148311615,
   "00001.png": 0.1460501253604889,
   "00002.png": 0.1560913324356079,
   "00003.png": 0.11443835496902466,
   "00004.png": 0.13188821077346802,
   "00005.png": 0.1452077031135559,
   "00006.png": 0.117312490940094,
   "00007.png": 0.15224331617355347,
   "00008.png": 0.14438824355602264,
   "00009.png": 0.1552620530128479,
   "00010.png": 0.12902376055717468,
   "00011.png": 0.13180455565452576,
   "00012.png": 0.1526104211807251
  }
 }
}