{
 "ours_7000": {
  "SSIM": 0.4370569586753845,
  "PSNR": 12.159066200256348,
  "LPIPS": 0.13711874186992645
 }
}